{"name":"0c7d4b17-8dd9-431a-84e0-952a45b4b9fa","id":"/providers/Microsoft.Flow/flows/0c7d4b17-8dd9-431a-84e0-952a45b4b9fa","type":"Microsoft.Flow/flows","properties":{"apiId":"/providers/Microsoft.PowerApps/apis/shared_logicflows","displayName":"TimeBased-Get-Devices","definition":{"metadata":{"workflowEntityId":null,"processAdvisorMetadata":null,"flowChargedByPaygo":null,"flowclientsuspensionreason":"None","flowclientsuspensiontime":null,"flowclientsuspensionreasondetails":null,"creator":{"id":"1ffd00ba-60d9-43a8-a0a5-e8a1147a4b8d","type":"User","tenantId":"95204a72-3af2-4765-830b-f519df91155a"},"provisioningMethod":"FromDefinition","failureAlertSubscription":true,"clientLastModifiedTime":"2024-06-09T10:48:18.2086473Z","connectionKeySavedTimeKey":"2024-06-09T10:48:18.2086473Z"},"$schema":"https://schema.management.azure.com/providers/Microsoft.Logic/schemas/2016-06-01/workflowdefinition.json#","contentVersion":"undefined","parameters":{"$authentication":{"defaultValue":{},"type":"SecureObject"},"$connections":{"defaultValue":{},"type":"Object"}},"triggers":{"manual":{"type":"Request","kind":"PowerAppV2","inputs":{"schema":{"type":"object","properties":{"text":{"description":"Please enter your input","title":"SN","type":"string","x-ms-content-hint":"TEXT","x-ms-dynamically-added":true}},"required":["text"]}}}},"actions":{"HTTP":{"runAfter":{},"type":"Http","inputs":{"uri":"https://graph.microsoft.com/beta/deviceManagement/managedDevices?$filter=(Notes eq 'bc3e5c73-e224-4e63-9b2b-0c36784b7e80') and (contains(activationlockbypasscode, '@{triggerBody()?['text']}'))&$select=id,deviceName,manufacturer,model,serialNumber,azureADDeviceId,userDisplayName","method":"GET","authentication":{"type":"ActiveDirectoryOAuth","authority":"","tenant":"<INSERT Tenant ID HERE>","audience":"https://graph.microsoft.com","clientId":"<INSERT Client ID HERE>","secret":"<INSERT Secret HERE>"}},"runtimeConfiguration":{"contentTransfer":{"transferMode":"Chunked"}}},"Parse_JSON":{"runAfter":{"HTTP":["Succeeded"]},"type":"ParseJson","inputs":{"content":"@body('HTTP')","schema":{"type":"object","properties":{"@@odata.context":{"type":"string"},"@@odata.count":{"type":"integer"},"value":{"type":"array","items":{"type":"object","properties":{"id":{"type":"string"},"deviceName":{"type":"string"},"manufacturer":{"type":"string"},"model":{"type":"string"},"serialNumber":{"type":"string"},"azureADDeviceId":{"type":"string"},"userDisplayName":{"type":"string"}},"required":["id","deviceName","manufacturer","model","serialNumber","azureADDeviceId","userDisplayName"]}}}}}},"Response":{"runAfter":{"Parse_JSON":["Succeeded"]},"type":"Response","kind":"Http","inputs":{"statusCode":200,"body":"@body('Parse_JSON')?['value']","schema":{"type":"array","items":{"type":"object","properties":{"id":{"type":"string"},"deviceName":{"type":"string"},"manufacturer":{"type":"string"},"model":{"type":"string"},"serialNumber":{"type":"string"},"azureADDeviceId":{"type":"string"},"userDisplayName":{"type":"string"}},"required":["id","deviceName","manufacturer","model","serialNumber","azureADDeviceId","userDisplayName"]}}}}}},"connectionReferences":{},"flowFailureAlertSubscribed":false,"isManaged":false}}