﻿<LibraryDocument xmlns:xsi="http://www.w3.org/2001/XMLSchema-instance" xmlns:xsd="http://www.w3.org/2001/XMLSchema">
  <Properties>
    <Property Name="AUTHORING_SCOPE" Value="ScopeId_C57311A7-847B-4942-A89A-56C0886C9AAE" />
  </Properties>
  <Contents />
  <EntryObjects>
    <Object Path="SMS_BootImagePackage.PackageID='PP10004D'" Type="SMS_BootImagePackage" />
    <Object Path="SMS_Package.PackageID='PP100791'" Type="SMS_Package" />
    <Object Path="SMS_Package.PackageID='PP1007C1'" Type="SMS_Package" />
    <Object Path="SMS_Package.PackageID='PP1007C5'" Type="SMS_Package" />
    <Object Path="SMS_Package.PackageID='PP1007C8'" Type="SMS_Package" />
    <Object Path="SMS_Package.PackageID='PP1007CE'" Type="SMS_Package" />
    <Object Path="SMS_Package.PackageID='PP1007D0'" Type="SMS_Package" />
    <Object Path="SMS_Package.PackageID='PP1007E3'" Type="SMS_Package" />
    <Object Path="SMS_TaskSequencePackage.PackageID='PP1007E9'" Type="SMS_TaskSequencePackage" />
    <Object Path="SMS_Package.PackageID='PP1007EC'" Type="SMS_Package" />
    <Object Path="SMS_ImagePackage.PackageID='PP1007F3'" Type="SMS_ImagePackage" />
    <Object Path="SMS_TaskSequencePackage.PackageID='PP1007F6'" Type="SMS_TaskSequencePackage" />
    <Object Path="SMS_TaskSequencePackage.PackageID='PP1007F5'" Type="SMS_TaskSequencePackage" />
  </EntryObjects>
</LibraryDocument>