{"schemaVersion":"1.0","appDefinitionTemplate":{"id":"/providers/Microsoft.PowerApps/apps/","type":"Microsoft.PowerApps/apps","tags":{"primaryDeviceWidth":"640","primaryDeviceHeight":"1136","supportsPortrait":"true","supportsLandscape":"true","primaryFormFactor":"Phone","showStatusBar":"false","publisherVersion":"3.24054.19","minimumRequiredApiVersion":"2.2.0","hasComponent":"false","hasUnlockedComponent":"false","isUnifiedRootApp":"false","sienaVersion":"20240609T105303Z-3.24054.19.0"},"properties":{"appVersion":"2024-06-09T10:53:03Z","lifeCycleId":"Published","createdByClientVersion":{"major":3,"minor":24054,"build":19,"revision":0,"majorRevision":0,"minorRevision":0},"minClientVersion":{"major":3,"minor":24054,"build":19,"revision":0,"majorRevision":0,"minorRevision":0},"backgroundColor":"RGBA(0,176,240,1)","backgroundImageUri":"/2361958696299549700/N683ec86d-2c69-4247-b419-36f9ac8e95b3-logoSmallFile","displayName":"Time Based Groups","description":"","commitMessage":"","appUris":{"documentUri":{"value":"/2361958696299549700/Nf0582596-15fb-4231-9621-0eb96790020b-document.msapp"},"imageUris":[],"additionalUris":[{"isSolutionAware":false,"value":"/2361958696299549700/N2311c2d3-b45c-4397-abfb-2aa86ee65d3a-identity.json"}]},"createdTime":"0001-01-01T00:00:00Z","lastModifiedTime":"0001-01-01T00:00:00Z","sharedGroupsCount":0,"sharedUsersCount":0,"connectionReferences":{"4ce14e00-145b-4e46-9b7d-68e96715068e":{"id":"d770fe9f-5bd3-4332-8a42-86139fb0ba19","displayName":"Office 365 Users","iconUri":"https://connectoricons-prod.azureedge.net/releases/v1.0.1686/1.0.1686.3706/office365users/icon.png","dataSources":["Office365Users"],"dependencies":[],"dependents":[],"parameterHints":{},"parameterHintsV2":{},"isOnPremiseConnection":false,"bypassConsent":false,"dataSets":{},"apiTier":"Standard","isCustomApiConnection":false,"actions":["UserPhoto_V2"]},"daa9001d-32bf-4610-ab49-8203930a5a41":{"id":"77ea7491-df18-437c-b1ec-3123b16b1d9a","displayName":"Logic flows","iconUri":"https://connectoricons-prod.azureedge.net/u/patelronak/specialtrain-logicflows-2/1.0.1692.3734/logicflows/icon.png","dataSources":["TimeBased-Get-Devices"],"dependencies":[],"dependents":[],"parameterHints":{"workflowName":{"value":"0730a776-5e17-48da-9091-11628d96ece7"},"workflowEntityId":{},"workflowDisplayName":{"value":"TimeBased-Get-Devices"}},"parameterHintsV2":{"workflowName":{"value":"0730a776-5e17-48da-9091-11628d96ece7"},"workflowEntityId":{},"workflowDisplayName":{"value":"TimeBased-Get-Devices"}},"isOnPremiseConnection":false,"bypassConsent":false,"dataSets":{},"apiTier":"Standard","isCustomApiConnection":false,"actions":["Run"],"nestedActions":[]},"0565f540-d0de-4c7e-a8d1-a6cd4454e3b8":{"id":"77ea7491-df18-437c-b1ec-3123b16b1d9a","displayName":"Logic flows","iconUri":"https://connectoricons-prod.azureedge.net/u/patelronak/specialtrain-logicflows-2/1.0.1692.3734/logicflows/icon.png","dataSources":["TimeBased-Add-Devices"],"dependencies":[],"dependents":[],"parameterHints":{"workflowName":{"value":"770b896e-d72e-4d48-ad63-b187aa205b79"},"workflowEntityId":{},"workflowDisplayName":{"value":"TimeBased-Add-Devices"}},"parameterHintsV2":{"workflowName":{"value":"770b896e-d72e-4d48-ad63-b187aa205b79"},"workflowEntityId":{},"workflowDisplayName":{"value":"TimeBased-Add-Devices"}},"isOnPremiseConnection":false,"bypassConsent":false,"dataSets":{},"apiTier":"Standard","isCustomApiConnection":false,"actions":["Run"],"nestedActions":[]}},"databaseReferences":{},"almMode":"Environment","performanceOptimizationEnabled":false,"canConsumeAppPass":false,"enableModernRuntimeMode":false,"executionRestrictions":{"isTeamsOnly":false,"dataLossPreventionEvaluationResult":{"status":"Compliant","lastEvaluationDate":"2024-06-09T10:53:14.8799328Z","violations":[],"violationsByPolicy":[],"violationErrorMessage":"The app uses the following connectors: shared_office365users, shared_logicflows."},"httpActionRestriction":{"appUsesSharepointHttpAction":false,"enforcementStrategy":"Legacy","evaluationTime":"2024-06-09T10:53:14.8797857Z"}}},"appType":"ClassicCanvasApp","appComponents":[]}}