{"name":"7e639897-3751-49ed-8a79-8c1a18bb6a2b","id":"/providers/Microsoft.Flow/flows/7e639897-3751-49ed-8a79-8c1a18bb6a2b","type":"Microsoft.Flow/flows","properties":{"apiId":"/providers/Microsoft.PowerApps/apis/shared_logicflows","displayName":"TimeBased-Add-Devices","definition":{"metadata":{"workflowEntityId":null,"processAdvisorMetadata":null,"flowChargedByPaygo":null,"flowclientsuspensionreason":"None","flowclientsuspensiontime":null,"flowclientsuspensionreasondetails":null,"creator":{"id":"1ffd00ba-60d9-43a8-a0a5-e8a1147a4b8d","type":"User","tenantId":"95204a72-3af2-4765-830b-f519df91155a"},"provisioningMethod":"FromDefinition","failureAlertSubscription":true,"clientLastModifiedTime":"2024-06-09T10:47:22.5522039Z","connectionKeySavedTimeKey":"2024-06-09T10:47:22.5522039Z"},"$schema":"https://schema.management.azure.com/providers/Microsoft.Logic/schemas/2016-06-01/workflowdefinition.json#","contentVersion":"undefined","parameters":{"$authentication":{"defaultValue":{},"type":"SecureObject"},"$connections":{"defaultValue":{},"type":"Object"}},"triggers":{"manual":{"type":"Request","kind":"PowerAppV2","inputs":{"schema":{"type":"object","properties":{"text":{"description":"Please enter your input","title":"ID","type":"string","x-ms-content-hint":"TEXT","x-ms-dynamically-added":true},"text_1":{"description":"Please enter your input","title":"Name","type":"string","x-ms-content-hint":"TEXT","x-ms-dynamically-added":true},"text_2":{"description":"Please enter your input","title":"Duration","type":"string","x-ms-content-hint":"TEXT","x-ms-dynamically-added":true}},"required":["text","text_1","text_2"]}}}},"actions":{"HTTP":{"runAfter":{},"type":"Http","inputs":{"uri":"http://INSERTWebhookURLHERE.com","method":"POST","body":{"ID":"@{triggerBody()?['text']}","Name":"@{triggerBody()?['text_1']}","Duration":"@{triggerBody()?['text_2']}","GroupID":"<INSERT GroupID HERE>"}},"runtimeConfiguration":{"contentTransfer":{"transferMode":"Chunked"}}},"Response":{"runAfter":{"HTTP":["Succeeded"]},"type":"Response","kind":"Http","inputs":{"statusCode":200}}}},"connectionReferences":{},"flowFailureAlertSubscribed":false,"isManaged":false}}